seed,maximum observed yield
670487,99.61910732
116739,99.61910732
26225,99.99999
777572,98.84920594
288389,99.61910732
256787,99.99999
234053,99.99999
146316,99.99999
772246,99.61910732
107473,99.61910732
709570,99.03446213
776646,99.03446213
935518,99.61910732
571858,99.61910732
91161,99.99999
619176,98.28722602
442417,86.59757822
33326,99.61910732
31244,98.84920594
98246,99.99999
229258,98.84920594
243962,99.61910732
529903,94.69105416
631262,99.61910732
27824,99.61910732
588508,97.29293259
208496,94.14846732
750800,99.99999
681453,99.61910732
735392,99.61910732
571412,99.61910732
439898,99.99999
231148,99.61910732
471029,99.61910732
617889,85.89473594
291704,99.99999
848749,95.38648822
911527,99.99999
6814,95.12897845
795667,99.03446213
844962,99.61910732
167414,95.75260589
732052,97.56849953
443143,99.03446213
356778,98.73132029
291369,95.12897845
163032,99.99999
225772,98.84920594
800581,99.03446213
352944,98.17713445
